,Server Price,Sever Details
0,$27.25,License windows server 2016 RDS CAL 10 users
1,$695.00,"Cisco UCS C220 M4 UCSC-C220-M4S 1U Rack Server CTO 12G RAID 8 x 2.5"" caddies"
2,"$2,179.46",Intel H2312JFKR 4 Node Servers 8 x Eight-Core XEON E5-2650 128GB 2U Rack Server
3,$673.30,"HP DL580 G7 8SFF 4x E7-4870 40 Cores @ 2.4G 128GB RAM 4x PSU, Raid, Rails"
4,"$319.00 to $1,235.00",UXS Server Variant 1U Supermicro X9DRI-LN4F+ Rev 1.20 to 2x E5-2697 V2 256GB RAM
5,$505.34 to $732.46,"Nextcloud Server Advanced, including PCIe SSD, preconfigured, ready to go"
6,$688.00,UXS Server 2U Supermicro FREENAS 11 JBOD 12 Bay X9DRI-LN4F+ 2x Xeon E5-2620 18TB
7,$317.96,HP ProLiant se326m1 Storage Server 2x Xeon x5670 six core 2.93 GHz 16 GB Ram spots
8,$501.00,UXS Server 2U Supermicro 2 Node 12 bay Twin 4x Xeon Low Power Core CPU 128GB 
9,$980.24,New ListingHP 768645-001 Proliant DL320E Gen8 Xeon E3-1241V3 3.5GHz Rack-Mount Server - NEW
10,$350.00,New ListingDELL PowerEdge R620 Server 2x 2.50 Ghz Six-Core Xeon /No RAM / NO HDD
11,$199.00,UXS Server Supermicro 2U Case 12 Bay Chassis CSE-826A-R920LPB IPASS Backplane
12,$215.75,HP ProLiant se326m1 Storage Server 2x Xeon l5630 QC 2.13 GHz 16 GB RAM 292 GB
13,$575.00,UXS Server Linux 1U Open Source AES-NI 2x Xeon X5670 64GB RAM 500G HD 2x 10GBE
14,$454.23,HP 727021-b21 HPE bl460c gen9 e5 v3 Blade Server
15,$720.00,New Listing2U Supermicro 6 Bay X8QB6-F 6Gbps Server 4x Intel Xeon E7-4830 32 Core 128GB RAM
16,$350.90,"Fujitsu Primergy rx200 s8 1u 4x 2,5"" SFF 2x Xeon e5-2600v2 VMware Server CTO"
17,$225.98,IBM x3650 m3 x8 Intel Xeon e5520-x5690 -288 GB Server Configurator 6c VMware
18,$199.99,"Dell PowerEdge R710 12-Core 2.5"" Server 32GB RAM PERC6i DVD iDRAC6 2x 300GB SAS"
19,"$1,649.99","Dell PowerEdge R620 8Bay Server, 2x 2.9GHz 8Core E5-2690, 128GB, 8x 900GB, H710"
20,$275.00,UXS Server Supermicro 4U SuperChassis 748TQ-R1400B 4x CPU 5 Bay 2x 1400Watt PS
21,$574.61,"IBM System x3650 m4 19"" 2u Server 8x 2,5"" SFF 2x Intel Xeon e5-2600 v1/v2 Serv"
22,"$1,231.95","Dell PowerEdge R710 2x X5690 3.46GHz Hex Six Core 128GB RAM 6x 1TB HDD H700 3.5"""
23,$710.95,"Dell PowerEdge R710 2xHexCore XEON X5670 2.93GHz 128GB 300GB 2.5"" 10K Enterprise"
24,$269.99,"Dell PowerEdge R710 12-Core 2.5"" Server 64GB RAM PERC6i DVD iDRAC6 2x 600GB SAS"
25,$624.84,New ListingHP PROLIANT BL465C G8 GEN 8 BLADE SERVER 2X 12 CORE CPU 32GB RAM 6344 Amd
26,"$2,199.00 to $5,999.00",Dell PowerEdge R730 2U Rack Server CTO Up to 2x E5-2696/2699 v4 Max 3.7GHz 256GB
27,"$2,019.99","Dell PowerEdge R720XD Server, 2x E5-2690V2 3GHz 10Core, 128GB, H710, 12x 3TB SAS"
28,"$2,073.59",Dell PowerEdge R720 2U 16 bay 2 x E5-2660 v2 192GB RAM 2 x 300GB SSD 10gb card
29,$124.99,IBM BladeCenter HS23 7875-AC1 Bare LGA2011 DDR3 Blade Server 2x Heatsinks
30,"$1,569.99","New ListingDell PowerEdge R630 Server, 2x E5-2630 V3 2.4GHz 8Core, 32GB, 4x 300GB, H730"
31,$269.99,"New ListingDell PowerEdge R610 Server, 2x X5675 3.06GHz 6 Core, 32GB, 4x 146GB 15k, H700"
32,$249.99,"New ListingDell PowerEdge R610 Server, 2x X5675 3.06GHz 6 Core, 32GB, 4x 146GB 15k, PERC6i"
33,"$1,999.00 to $5,999.00",Dell PowerEdge R630 1U Rack Server CTO Up2 2x Xeon E5-2696 v4 44 Cores 256GB RAM
34,$229.99,Dell PowerEdge R710 Virtualization Server 8-Core 48GB 4x300GB 10K 1.2TB PERC6i
35,$917.93,High-End HP ProLiant DL360P G8 Server 2x 2.70Ghz E5-2680 256GB 3x 146GB 15K SAS
36,"$1,219.99","Dell PowerEdge R720XD Server, 2x E5-2690V2 3GHz 10Core, 64GB, 12x Trays, H310"
37,$419.99,"New ListingDell PowerEdge R610 Server 2x 3.06 GHz Six Core, 64GB, 6x 300GB 10k, H700, RPS"
38,$624.99,"New ListingDell PowerEdge R610 Server, 2x X5675 3.06GHz 6 Core, 32GB, 6x 1TB SATA, H700"
39,$229.99,Dell PowerEdge R610 Server 2x 2.93GHz 8-Core 64GB 2x Trays PERC 6i 2x power
40,$379.99,"New ListingDell PowerEdge R610 Server 2x 3.06 GHz Six Core, 64GB, 6x 146GB 15k, H700, RPS"
41,$467.03,Intel SSD DC P3605 NVMe 1.6TB MLC PCIe P3600 Series Â£300+VAT
42,$354.99,Dell R410 12-Core 3.06GHz X5675 64GB 450GB 15K SAS PERC 6/i iDRAC6 DRPS
43,$329.99,"New ListingDell PowerEdge R610 Server 2x 3.06 GHz Six Core, 64GB, 6x Caddy, H700, RPS"
44,$429.99,"New ListingDell PowerEdge R610 Server, 2x X5675 3.06GHz 6 Core, 32GB, 6x 600GB 10k, H700"
45,$349.99,"New ListingDell PowerEdge R610 Server 2x 3.06 GHz Six Core, 64GB, 4x 146GB 15k, H700, RPS"
46,$489.99,"New ListingDell PowerEdge R610 Server, 2x X5675 3.06GHz 6 Core, 32GB, 4x 1TB SATA, H700"
47,$274.99,"New ListingDell PowerEdge R610 Server, 2x X5675 3.06GHz 6 Core, 32GB, 2x 450GB 10k, H700"
48,$719.99,"New ListingDell PowerEdge R610 Server 2x 3.06 GHz Six Core, 64GB, 6x 1TB SATA, H700, RPS"
49,$390.97,New ListingHP PROLIANT BL685C G6 BLADE SERVER 4X AMD OPTERON 2.6GHz 256GB RAM 2X 146GB SAS
50,$612.97,"HP BLc7000 / C7000 G2 Chassis / Enclosure 507019-B21 2x Admin Modules, no blades"
51,$509.99,"New ListingDell PowerEdge R610 Server, 2x X5675 3.06GHz 6 Core, 32GB, 6x 900GB 10k, H700"
52,$789.99,"New ListingDell PowerEdge R610 Server, 2x 3.06 GHz X5675 6 Core, 96GB, 6x 1TB SATA, H700"
53,$469.99,"New ListingDell PowerEdge R610 Server, 2x 3.06 GHz X5675 6 Core, 96GB, 2x 900GB 10k, H700"
54,$99.97,New ListingLOT 3 HP PROLIANT BL460c GEN8 DUAL-SOCKET SERVER BLADE +2*4K1365 3*649940-001
55,$479.99,"HP Proliant DL360 G7 8-Bay, 2x 3.06GHz HexaCore, 128GB RAM, 2x Trays"
56,"$4,375.70",New ListingDELL PowerEdge R620 Server 24-Core 192GB 3x960GB SSD 7x1.2TB Windows'16 Standard
57,$969.99,"New ListingDell PowerEdge R610 Server, 2x X5675 3.06GHz 6 Core, 192GB, 6x 600GB 15k, H700"
58,$987.98,NEW HPE P03686-S01 ProLiant ML110 G10 Server 4108 16GB Gen10 Ht Plg Perf A
59,$689.99,"Dell PowerEdge R720XD 3.5 Server, 2x E5-2620 2.0GHz 6Core, 64GB, 12x Trays, H310"
60,$569.99,"New ListingDell PowerEdge R610 Server, 2x 3.06 GHz X5675 6 Core, 96GB, 2x 1TB SATA, H700"
61,"$1,372.36",New ListingDell PowerEdge R810 2x E7-4850 2.00 Ghz 10-CORE 128GB DDR3 6x300GB 10K PERC H700
62,"$4,084.20",New ListingDELL PowerEdge R620 Server 24-Core 192GB 3x960GB SSD 5x1.2TB Windows'16 Standard
63,"$1,084.60",New ListingDELL PowerEdge R620 Server 1.80Ghz 16-Core 32GB 10x 300GB 15K Energy-Efficient
64,$681.35,"New ListingQNAP TS-563-16G NAS 16 GB Ram spots - 2x Gbps LAN 5x 3,5"" Bay & Tray 48W TDP"
65,"$6,399.00 to $9,299.00",Dell PowerEdge R640 1U Rack Server 2x Xeon Platinum CPU 56 Cores Up to 384GB RAM
66,$944.99,Dell PowerEdge R720 8B SFF 12-core 2.00GHz E5-2620 128GB 8x 300GB H710P 2x PSU
67,"$3,074.40",New ListingDELL R610 Server 12-Core 192GB 2x NEW 800GB SSD 4x 1.2TB Windows 2016 Standard
68,$389.99,"Dell PowerEdge R610 Server 2x 2.93 GHz Six Core, 96GB, 6x Caddy, H700, RPS"
69,$155.00,New ListingDell Poweredge R710 2x2.40Ghz Quad-Core Processor / NO RAM / NO HDD
70,"$1,403.60",New ListingHP ProLiant DL380 G7 Server 2.40Ghz 8-Core 32GB 16x 900GB Energy-Efficient
71,$880.00,New ListingDELL PowerEdge R610 Server 2x 2.93Ghz X5570 QC 96GB 6x 1TB SAS High-End
72,"$1,017.50",New ListingDELL PowerEdge R620 Server 1.80Ghz 16-Core 32GB 2xNEW 800GB SSD Energy-Efficient
73,"$1,148.40",New ListingDell PowerEdge R620 Server 2x2.50Ghz E5-2640 6C 96GB 10x600GB 10K SAS Enterprise
74,"$1,499.99","New ListingQNAP System TS-869U-RP Turbo NAS Server, 8-Bay ,2GB ,16TB (8x 2TB NAS HD's) "
75,$416.90,New ListingDell PowerEdge R710 Server 2x 2.26Ghz E5520 QC 96GB  Mid-Level
76,$287.10,New ListingDell PowerEdge R610 Server 2x 2.26Ghz L5640 6C 32GB  Energy-Efficient
77,"$3,053.60",New ListingDell PowerEdge R620 Server 2x 2.70Ghz E5-2680 8C 96GB 10x 960GB SSD High-End
78,"$1,377.20",New ListingHP ProLiant DL380 G7 Server 2x 2.93Ghz X5670 6C 72GB 16x 1TB High-End
79,$239.80,New ListingDell PowerEdge R610 Server 2x 2.67Ghz X5550 QC 48GB  Enterprise
80,"$2,029.99","Dell PowerEdge R720 2.5"" Server, 2x E5-2690V2 3GHz 10Core, 256GB, 2x 900GB, H710"
81,$712.06,Dell PowerEdge R620 2x Xeon E5-2620 2.00GHz 12-CORES 32GB DDR3 H310 4x600Gb 10K
82,$187.37,"Dualxeon Server 4x2,6ghz HT Cores 2gb ECC SATA RAID F. Internet Cash Server MM"
83,"$1,309.00",New ListingHP ProLiant DL360 G7 Server 2.66Ghz 12-Core 128GB 4x NEW 800GB SSD Enterprise
84,$827.20,New ListingDell PowerEdge R620 Server 2x 2.70Ghz E5-2680 8C 96GB  High-End
85,"$1,105.50",New ListingHP ProLiant DL380 G7 Server 2x 2.80Ghz X5660 6C 128GB 8x 900GB 10K SAS High-End
86,"$1,729.20",DELL PowerEdge R620 Server 2.60Ghz 12-Core 192GB 3x 512GB SSD 5x 1TB Enterprise
87,$663.30,New ListingDell PowerEdge R620 Server 2x 2.50Ghz E5-2640 6C 96GB  Enterprise
88,"$3,193.30",IBM 2072-24c Storwize v3700 DUAL CONTROL ENCLOSURE
89,$248.00 to $984.00,"HP ProLiant DL380 G7 16-Bay server, 2x X56xx 6-Core CPUs, 64GB - 192GB RAM"
90,$987.80,New ListingDell PowerEdge R610 Server 2x 3.33Ghz X5680 6C 96GB 2x 960GB SSD Premium
91,"$3,570.60",New ListingHP ProLiant DL380 G7 Server 2x 2.67Ghz E5640 QC 72GB 16xNEW 800GB SSD Enterprise
92,"$2,296.80",New ListingDELL PowerEdge R720 Server 2.60Ghz 16-Core 128GB 3x 300GB 15K 9x 4TB Enterprise
93,"$1,347.50",New ListingDELL PowerEdge R420 Server 2x 2.40Ghz E5-2440 6C 96GB 8x 1TB SAS High-End
94,$287.10,New ListingHP ProLiant DL380 G7 Server 2x 2.67Ghz E5640 QC 36GB  Enterprise
95,$839.30,New ListingEnterprise HP ProLiant DL360 G7 Server 2x 2.67Ghz E5640 QC 144GB 4x 500GB SAS
96,"$1,185.80",New ListingDELL PowerEdge R420 Server 2x 2.40Ghz E5-2440 6C 96GB 4x 4TB SAS High-End
97,$971.68,"HP DL580 G7 8SFF 4x E7-4870 40 Cores @ 2.4G 256GB RAM 4x PSU, Raid, Rails"
98,"$1,519.99","New ListingDell PowerEdge R630 Server, 2x E5-2630 V3 2.4GHz 8Core, 32GB, 2x 300GB, H730"
99,$289.99,"New ListingDell PowerEdge R610 Server, 2x X5675 3.06GHz 6 Core, 32GB, 4x 300GB 10k, H700"
100,$429.99,"Dell PowerEdge R510 Server, 2x Xeon 2.93 GHz Six Core, 64GB, H700, 12x Tray 2RPS"
101,$829.99,Dell PowerEdge R720 8B SFF 12-core 2.00GHz E5-2620 96GB 4x 500GB HD H710P 2x PSU
102,$239.99,"New ListingDell PowerEdge R610 Server, 2x X5675 3.06GHz 6 Core, 32GB, 4x Caddy, H700, RPS"
103,$439.99,"New ListingDell PowerEdge R610 Server 2x 3.06 GHz Six Core, 64GB, 2x 1TB SATA, H700, RPS"
104,$379.99,"New ListingDell PowerEdge R610 Server 2x 3.06 GHz Six Core, 64GB, 4x 300GB 10k, H700, RPS"
105,$319.99,"New ListingDell PowerEdge R610 Server 2x 3.06 GHz Six Core, 64GB, 4x Caddy, H700, RPS"
106,$469.99,"New ListingDell PowerEdge R610 Server, 2x X5675 3.06GHz 6 Core, 32GB, 6x 900GB 10k, PERC6i"
107,$289.99,"New ListingDell PowerEdge R610 Server, 2x X5675 3.06GHz 6 Core, 32GB, 2x 600GB 10k, H700"
108,$349.99,"New ListingDell PowerEdge R610 Server, 2x X5675 3.06GHz 6 Core, 32GB, 2x 1TB SATA, H700"
109,$579.99,"New ListingDell PowerEdge R610 Server 2x 3.06 GHz Six Core, 64GB, 4x 1TB SATA, H700, RPS"
110,$529.99,"New ListingDell PowerEdge R610 Server 2x 3.06 GHz Six Core, 64GB, 6x 600GB SAS, H700, RPS"
111,"$1,404.70",New ListingHP ProLiant DL380 G7 Server 2x 2.40Ghz E5530 QC 96GB 16x 1TB Mid-Level
112,$286.00,New ListingDell PowerEdge R610 Server 2x 2.26Ghz E5520 QC 32GB 2x 500GB Mid-Level
113,"$1,695.10",New ListingHP ProLiant DL360P G8 Server 2x 2.90Ghz E5-2690 8C 192GB 8x 1TB SAS High-End
114,$449.99,Dell PowerEdge T410 LFF 4-Core Server 2.40GHz E5620 8GB 6x 1TB SAS 6/iR DRPS
115,$982.30,New ListingDELL PowerEdge R620 Server 2x 2.10Ghz E5-2620v2 6C 48GB 10x 500GB SAS Economy
116,"$1,614.46",New ListingDell PowerEdge R720 Server 2x 2.80Ghz E5-2680v2 10C 96GB 8x 900GB 10K High-End
117,"$1,316.70",New ListingHP ProLiant DL360 G7 Server 2.67Ghz 8-Core 144GB 4x NEW 800GB SSD Enterprise
118,"$1,174.80",New ListingHP ProLiant DL360 G7 Server 2x 2.26Ghz L5520 QC 192GB 4x 1TB Energy-Efficient
119,"$2,994.76",New ListingHP ProLiant DL380 G9 Server 2x 3.20Ghz E5-2667v3 8C 256GB  High-End
120,"$1,184.99",Dell R720 8B SFF 16-Core 2.90GHz E5-2690 96GB RAM 2x 1TB SSD H310 2x PSU
121,"$3,036.32",New ListingHP ProLiant DL360 G9 Server 3.20Ghz 16-Core 256GB 8x 600GB High-End
122,"$2,788.00",DELL PowerEdge R620 Server 2x 2.70Ghz E5-2697v2 12C 384GB 4x 1TB SSD Premium
123,"$2,358.40",New ListingDELL PowerEdge R720 Server 2.60Ghz 12-Core 192GB 3x 512GB SSD 13x 1TB Enterprise
124,$409.99,"Dell PowerEdge R710 2.5"" Server 2x 2.66 GHz Six Core X5650 64GB 4x 600GB 10k"
125,$850.00,Sun V440 Server 4x 1.59GHz 8GB 4x 73GB (A42-XHB4C2-08HD)
126,$299.80,Dell r210 server-intel xeon x3430 1 quad core - 8 gb ram - 250 gb sata
127,"$2,073.59",Dell PowerEdge R720 2U 16 bay 2 x E5-2660 v2 192GB RAM 2 x 300GB SSD 10gb card
128,$646.80,New ListingHP ProLiant DL380 G7 Server 2x 2.66Ghz X5650 6C 64GB 2x 1.2TB 10K SAS Enterprise
129,"$1,268.30",New ListingHP ProLiant DL360P G8 Server 2.20Ghz 16-Core 144GB 2x NEW 800GB SSD Mid-Level
130,$276.10,New ListingHP ProLiant DL360 G7 Server 2x 2.53Ghz E5630 QC 72GB  Enterprise
131,"$3,292.30",New ListingDELL PowerEdge R720 Server 2x 2.90Ghz E5-2690 8C 192GB 8x 8TB SAS 12G High-End
132,"$2,169.99",Dell R720 8B SFF 16-Core 2.20GHz E5-2660 192GB RAM 8x 1TB SSD H310 2x PSU
133,"$3,704.55",New ListingHP ProLiant DL380 G9 Server 3.20Ghz 16-Core 256GB 3x 450GB 15K 9x 3TB High-End
134,$845.00,1U Supermicro E3-1240v6 3.4GHz / X11SSL-F / 16GB RAM / Dual LAN / 120GB SSD
135,$640.20,New ListingHP ProLiant DL380 G7 Server 8-Core 48GB 3x 160GB SSD 5x 300GB Energy-Efficient
136,$415.80,New ListingHP ProLiant DL380 G7 Server 2x 2.40Ghz L5530 QC 32GB 2x 1TB Energy-Efficient
137,"$3,548.95",New ListingHP ProLiant DL380 G9 Server 3.20Ghz 16-Core 256GB 2x 128GB SSD 12x 1TB High-End
138,$755.62,Mid-Level DELL PowerEdge R620 Server 2x 2.40Ghz E5-2665 8C 96GB
139,$312.29,New Listing64BIT Xeon Quad Server FSC Primergy TX140 S1 RAID Controller 8GB RAM is O50 MM
140,"$3,474.35",New ListingHP ProLiant DL380 G9 Server 2x 3.20Ghz E5-2667v3 8C 256GB 12x 450GB 15K High-End
141,"$3,103.46",New ListingHP ProLiant DL380 G9 Server 2x 3.20Ghz E5-2667v3 8C 256GB 2x 3TB SAS High-End
142,"$3,052.31",New ListingHP ProLiant DL380 G9 Server 2x 3.20Ghz E5-2667v3 8C 256GB 2x 450GB 15K High-End
143,$233.20,New ListingHP ProLiant DL380 G7 Server 2x 1.86Ghz E5502 QC 24GB  Entry-Level
144,"$3,580.50",New ListingHP ProLiant DL380 G7 Server 2x 2.93Ghz X5570 QC 72GB 16x NEW 800GB SSD High-End
145,$710.60,New ListingHP ProLiant DL360P G8 Server 2x2.10Ghz E5-2620v2 6C 72GB 2x300GB 10K SAS Economy
146,$96.00 to $340.00,Build Your Own HP Proliant BL460c G7 Blade 8-Core 2.13GHz L5630 Wholesale
147,$380.68,Dell PowerEdge R710 2 Xeon X5675 3.06GHz 12-CORE 64GB DDR3 RAID Perc6i +2x CADDY
148,$432.30,New ListingHP ProLiant DL360 G7 Server 2x 2.13Ghz L5630 QC 96GB  Energy-Efficient
149,"$3,131.44",New ListingHP ProLiant DL360 G9 Server 2x 3.20Ghz E5-2667v3 8C 288GB 8x 600GB 10K High-End
150,$952.78,DELL PowerEdge R620 Server 2x 3.30Ghz E5-2667v2 8C 64GB 3x 256GB SSD Premium
151,$721.60,New ListingHP ProLiant DL380 G7 Server 2x 2.93Ghz X5570 QC 72GB 8x 600GB 10K SAS High-End
152,$126.00 to $406.00,Build Your Own HP Proliant BL460c G7 Blade 12-Core 2.66GHz X5650 Wholesale
153,"$2,842.32",New ListingHP ProLiant DL360 G9 Server 2x 3.20Ghz E5-2667v3 8C 256GB 2x 512GB SSD High-End
154,"$1,500.00",New ListingDell PowerEdge R810 Two 2.66GHZ Eight-Core Processor 512GB RAM/NO HDD
155,$477.40,New ListingHP ProLiant DL380 G7 Server 2x 2.00Ghz E5504 QC 24GB 16x 250GB Economy
156,$125.00,Supermicro 2U 8 Bay SAS RAID/FREENAS Storage CSE-825 Barebone Chassis
157,$150.00,New ListingDELL POWEREDGE R710 SERVER 2x QC X5560 2.8GHZ 16GB PERC-6/i iDRAC6 NO HDD 870W
158,$829.00,"New ListingSuperMicro 2-Node 2u Server w/ X10DRT-H Motherboards,2x PSU,12x 3.5"" Drive Bays"
159,"$832.00 to $2,002.00","HP ProLiant DL360p G8 server, 2x 3.0Hz E5-2690v2 10-Core, 32GB - 256GB RAM"
160,"$1,133.33",Fujitsu rx200 s8 1u Server 2x Xeon e5-2650v2 8c 32gb 4x 8gb RAM is 1200gb HDD
161,$349.71,HP Proliant DL380 G7 2x 3.06Ghz Hex Core X5675 Xeon 12GB DDR3 2 x 72GB SAS 15K
162,$186.00 to $466.00,Build Your Own HP Proliant BL460c G7 Blade 12-Core 3.33GHz X5680 Wholesale
163,"$468.00 to $1,227.00",Build Your Own Dell R720 8B SFF Server 16-Core 2.60GHz E5-2670 Wholesale
164,$109.99,"Dell Poweredge R610 Barebones 1x PSU 2x Heatsinks No cpu No 2.5"" HDD No RAID"
165,$283.00 to $573.00,Build Your Own Dell R320 4B iDRAC7 DRPS 6-Core 1.90GHz E5-2420 H710p Wholesale
166,$236.00 to $774.00,Build Your Own Dell R710 SFF 12-Core 3.33GHz X5680 PERC 6i iDRAC6 Wholesale
167,"$1,539.99",HP ProLiant DL380p G8 16B 1x PCI 24-Core 2.70GHz E5-2697 v2 192GB 4x 146GB P420
168,$431.27,Dell PowerEdge R710 2x Xeon X5670 2.93GHZ SixCore 24GB DDR3 PERC 6i BAT 3TB SATA
169,$100.00,New ListingDell PowerEdge R910 4x 2.0GHz 10-Core / 1TB / 16 x 600GB SAS
170,$199.99,New ListingDell PowerEdge R420 / 2 Intel Xeon E5-2407 Processors / 32 GB RAM / 2 PSUs
171,$236.00 to $774.00,Build Your Own Dell R710 SFF 12-Core 3.33GHz X5680 SAS 6/iR iDRAC6 Wholesale
172,"$2,273.98",New ListingNEW Intel R2312WFTZS Server System Barebone 2U Rack
173,$306.60,Supermicro x8st3-f 1xe5606 8gb 1.8 tbtb
174,$42.49,New ListingDell PowerEdge SC1425 Rackmount Server - Xeon 2.8GHz / 1GB / No HDD
175,"$1,913.98",New ListingNEW Intel R1208WFTYS Server System Barebone 1U Rack
176,$596.19,New ListingFujitsu Primergy RX1330 M1 4C 1x E3-1220 v3 @ 3.1GHz 16GB DDR3 2 XPSU 4x LFF
177,$464.99,Dell R420 8B SFF 8-Core 2.20GHz E5-2407 48GB 8x TRAYS H710 iDRAC7 1x PSU DRPS
178,$62.45,HP 653955-001 HP g8 g9 300-gb 6g 10k 2.5 SAS SC
179,"$27,750.00",Lenovo SR630 Server 2 x Platinum 8180 2.50 GHz 6 x 1TB 256GB RAM 530-8i
180,$929.99,Dell PowerEdge R720 8B SFF 16-Core 2.90GHz E5-2690 96GB 8x 146GB HD H710P 2x PSU
181,$102.00 to $346.00,Build Your Own HP Proliant BL460c G7 Blade 8-Core 2.26GHz E5607 Wholesale
182,$226.00 to $764.00,Build Your Own Dell R710 SFF 12-Core 2.26GHz L5640 H700 iDRAC6 Wholesale
183,"$26,718.00",Lenovo SR630 Server 2 x Platinum 8180 2.50 GHz 5 x 2TB SATA 8GB RAM 930-16i
184,"$2,282.36","New ListingCtera C400 NAS Rack (1U) Ethernet LAN Black, Grey TCTERA-EC400  Free Ship"
185,$148.71,HP ProLiant dl360 g7 e5606 | Warranty | including 19% VAT
186,$379.00 to $589.00,"Dell PowerEdge R420 4-Bay LFF 3.5"" E5-2430 6-Core 2.4GHz 8GB PERC H710 RAID "
187,"$11,712.00",HP DL160 G9 Server 128GB RAM 6x 300GB 2 x E5-2699v4 2.20 GHz B140i
188,"$1,410.02",New ListingDell PowerEdge R620 2x Xeon E5-2680 2.70GHz 16-CORES 48GB DDR3 H710
189,"$2,215.98",NEW HPE 867962-B21 ProLiant DL360 Gen10 4114 85W 1P 16G-2R P408i-a 8SFF 1x500W
190,"$12,230.00",HP PROLIANT DL380 GEN10 SERVER 2X SILVER 4116 12C 384GB 8X 450GB 15K 12G SFF
191,"$17,346.00",Lenovo SR630 Server 2 x Platinum 8160T 2.10 GHz 3 x 1TB SATA 64GB RAM 530-8i
192,"$9,710.00",HP PROLIANT DL360 GEN10 SERVER 2X GOLD 6140 18C 64GB 8X 300GB 15K 12G SFF
193,$52.00,New ListingTP-LINK 150 Mbps Wireless USB 2.0 Pocket-Sized Print Server WPA WEP TL-WPS510U
194,"$20,442.00",Lenovo SR630 Server 1 x Platinum 8170M 2.10 GHz 8 x 600GB 192GB RAM 530-8i
195,"$8,670.00",HP PROLIANT DL380 GEN10 SERVER 2X SILVER 4108 8C 128GB 12x 450GB 15K 12G LFF
196,"$758.00 to $1,375.00","Dell PowerEdge R620 8-Bay Dual E5-2670, E5-2690 v2, E5-2630 32GB H710 Customize"
197,"$1,569.99","New ListingDell PowerEdge R630 Server, 2x E5-2650 V3 2.3GHz 10Core, 32GB, 4x 300GB, H730"
198,$239.99,"New ListingDell PowerEdge R610 Server, 2x X5675 3.06GHz 6 Core, 32GB, 2x 146GB 15k, H700"
199,$409.99,"New ListingDell PowerEdge R610 Server, 2x X5675 3.06GHz 6 Core, 32GB, 4x 900GB 10k, H700"
200,$102.00 to $346.00,Build Your Own HP Proliant BL460c G7 Blade 8-Core 2.26GHz E5607 Wholesale
201,$409.99,"New ListingDell PowerEdge R610 Server, 2x X5675 3.06GHz 6 Core, 32GB, 4x 900GB 10k, H700"
202,$269.99,"New ListingDell PowerEdge R610 Server, 2x X5675 3.06Ghz 6 Core, 32GB, 2x 900GB 10k, PERC6i"
203,$309.99,"New ListingDell PowerEdge R610 Server, 2x X5675 3.06GHz 6 Core, 32GB, 2x 900GB 10k, H700"
204,$449.99,"New ListingDell PowerEdge R610 Server 2x 3.06 GHz Six Core, 96GB, 4x 300GB SAS, H700, RPS"
205,$359.99,"New ListingDell PowerEdge R610 Server, 2x 3.06 GHz X5675 6 Core, 64GB, 2x 900GB 10k, 2x RPS"
206,$489.99,"New ListingDell PowerEdge R610 Server 2x 3.06 GHz Six Core, 96GB, 6x 300GB SAS, H700, RPS"
207,$619.99,"New ListingDell PowerEdge R610 Server, 2x X5675 3.06GHz 6 Core, 192GB, 6x Caddy, PERC6i"
208,$519.99,"New ListingDell PowerEdge R610 Server 2x 3.06 GHz Six Core, 96GB, 4x 600GB SAS, H700, RPS"
209,"$1,860.10",New ListingDELL PowerEdge R720 Server 2.60Ghz 12-Core 192GB 3x 512GB SSD 5x 1TB Enterprise
210,$109.99,"Dell Poweredge R610 Barebones 1x PSU 2x Heatsinks No cpu No 2.5"" HDD No RAID"
211,$283.00 to $573.00,Build Your Own Dell R320 4B iDRAC7 DRPS 6-Core 1.90GHz E5-2420 H710p Wholesale
212,$236.00 to $774.00,Build Your Own Dell R710 SFF 12-Core 3.33GHz X5680 PERC 6i iDRAC6 Wholesale
213,"$1,539.99",HP ProLiant DL380p G8 16B 1x PCI 24-Core 2.70GHz E5-2697 v2 192GB 4x 146GB P420
214,$100.00,New ListingDell PowerEdge R910 4x 2.0GHz 10-Core / 1TB / 16 x 600GB SAS
215,$199.99,New ListingDell PowerEdge R420 / 2 Intel Xeon E5-2407 Processors / 32 GB RAM / 2 PSUs
216,"$45,612.00",Lenovo SR630 Server 2 x Platinum 8180M 2.50 GHz 768GB RAM 10 x 2TB SATA 930-16i
217,$236.00 to $774.00,Build Your Own Dell R710 SFF 12-Core 3.33GHz X5680 SAS 6/iR iDRAC6 Wholesale
218,"$2,273.98",New ListingNEW Intel R2312WFTZS Server System Barebone 2U Rack
219,$112.42,Siemens Primergy Econel 50 p4-3.2ghz 1 GBRAM 160gb S-ATA Raid Control Server MM
220,$306.60,Supermicro x8st3-f 1xe5606 8gb 1.8 tbtb
221,"$1,913.98",New ListingNEW Intel R1208WFTYS Server System Barebone 1U Rack
222,$42.49,New ListingDell PowerEdge SC1425 Rackmount Server - Xeon 2.8GHz / 1GB / No HDD
223,"$32,220.00",Lenovo SR630 Server 2 x Platinum 8170M 2.10 GHz 32GB RAM 7 x 300GB 930-16i
224,$596.19,New ListingFujitsu Primergy RX1330 M1 4C 1x E3-1220 v3 @ 3.1GHz 16GB DDR3 2 XPSU 4x LFF
225,$431.27,Dell PowerEdge R710 2x Xeon X5670 2.93GHZ SixCore 24GB DDR3 PERC 6i BAT 3TB SATA
226,"$32,202.00",Lenovo SR630 Server 2 x Platinum 8158 3.00 GHz 1 x 2TB SATA 768GB RAM 930-16i
227,"$27,750.00",Lenovo SR630 Server 2 x Platinum 8180 2.50 GHz 6 x 1TB 256GB RAM 530-8i
228,"$26,718.00",Lenovo SR630 Server 2 x Platinum 8180 2.50 GHz 5 x 2TB SATA 8GB RAM 930-16i
229,"$2,282.36","New ListingCtera C400 NAS Rack (1U) Ethernet LAN Black, Grey TCTERA-EC400  Free Ship"
230,$148.71,HP ProLiant dl360 g7 e5606 | Warranty | including 19% VAT
231,"$22,002.00",Lenovo SR630 Server 16GB RAM 8 x 600GB 2 x Platinum 8170 2.10 GHz 530-8i
232,$62.45,HP 653955-001 HP g8 g9 300-gb 6g 10k 2.5 SAS SC
233,$379.00 to $589.00,"Dell PowerEdge R420 4-Bay LFF 3.5"" E5-2430 6-Core 2.4GHz 8GB PERC H710 RAID "
234,"$11,712.00",HP DL160 G9 Server 128GB RAM 6x 300GB 2 x E5-2699v4 2.20 GHz B140i
235,"$1,269.59",HP 495906-b21 - 495906-b21 2.8ghz 8mb l3 Processor
236,"$18,204.00",Lenovo SR630 Server 2 x Platinum 8160T 2.10 GHz 128GB RAM 3 x 1TB 530-8i
237,"$1,410.02",New ListingDell PowerEdge R620 2x Xeon E5-2680 2.70GHz 16-CORES 48GB DDR3 H710
238,"$2,215.98",NEW HPE 867962-B21 ProLiant DL360 Gen10 4114 85W 1P 16G-2R P408i-a 8SFF 1x500W
239,$156.00 to $436.00,Build Your Own HP Proliant BL460c G7 Blade 12-Core 3.06GHz X5675 Wholesale
240,$226.00 to $764.00,Build Your Own Dell R710 SFF 12-Core 2.26GHz L5640 H700 iDRAC6 Wholesale
241,"$36,354.00",Lenovo SR650 Server 2 x Platinum 8170M 2.10 GHz 8 x 2TB SATA 128GB RAM 530-8i
242,"$21,294.00",Lenovo SR630 Server 2 x Platinum 8160 2.10 GHz 8GB RAM 8 x 2TB 530-8i
243,"$18,150.00",Lenovo SR630 Server 32GB RAM 9 x 300GB 2 x Platinum 8160T 2.10 GHz 530-8i
244,$52.00,New ListingTP-LINK 150 Mbps Wireless USB 2.0 Pocket-Sized Print Server WPA WEP TL-WPS510U
245,"$20,442.00",Lenovo SR630 Server 1 x Platinum 8170M 2.10 GHz 8 x 600GB 192GB RAM 530-8i
246,"$758.00 to $1,375.00","Dell PowerEdge R620 8-Bay Dual E5-2670, E5-2690 v2, E5-2630 32GB H710 Customize"
247,$115.83,"IBM System x3650 m3 19"" 2u 8x 2,5"" SFF 2x Intel Xeon 5500 5600 ServeRAID SAS Sat"
248,"$10,752.00",HP DL160 G9 Server 2 x E5-2699v3 2.30 GHz 256GB RAM 6x 300GB B140i
249,"$18,972.00",Lenovo SR630 Server 1 x Platinum 8170M 2.10 GHz 8 x 300GB 8GB RAM 930-16i
250,$156.00 to $436.00,Build Your Own HP Proliant BL460c G7 Blade 12-Core 3.06GHz X5675 Wholesale
251,"$14,604.00",Lenovo SR630 Server 2 x Gold 6136 3.00 GHz 9 x 2TB SATA 8GB RAM 530-8i
252,"$7,398.00",HP DL160 G9 Server E5-2690v3 2.60 GHz 256GB RAM 8x 200GB B140i
253,"$12,660.00",Dell R530 Server 384GB RAM 3x 500GB & 1x 400GB 2 x E5-2698v4 2.20 GHz H730
254,"$2,616.00",HP DL160 G9 Server 2 x E5-2690v3 2.60 GHz 1x 500GB 8GB RAM B140i
255,"$19,848.00",Lenovo SR650 Server 128GB RAM 6 x 300GB Platinum 8170M 2.10 GHz 930-16i
256,"$12,822.00",New ListingDell T630 Server 128GB RAM 6x 1.2TB 2 x E5-2699 v4 2.20 GHz H730p
257,"$6,774.00",HP DL160 G9 Server 64GB RAM 7x 512GB 2 x E5-2660v4 2.00 GHz B140i
258,"$10,812.00",Dell R530 Server 2 x E5-2699v4 2.20 GHz 64GB RAM 1x 3TB & 1x 480GB H730p
259,"$9,852.00",Lenovo SR630 Server 1 x Gold 6132 2.60 GHz 7 x 1TB SATA 128GB RAM 930-16i
260,"$6,516.00",HP DL160 G9 Server 128GB RAM 3x 200GB E5-2699v3 2.30 GHz B140i
261,"$5,580.00",HP DL160 G9 Server E5-2697v4 2.30 GHz 16GB RAM 8x 300GB B140i
262,$63.58,HP 713985-b21 - HP 16gb 2rx4 pc3l-12800r-11 Kit
263,"$8,874.00",Lenovo SR630 Server 1 x Gold 6128 3.40 GHz 128GB RAM 4 x 2TB SATA 530-8i
264,"$10,386.00",Dell R530 Server 768GB RAM 4x 1TB SATA & 1x 200GB 2 x E5-2637v3 3.50 GHz H730p
265,"$17,688.00",Lenovo SR650 Server 8GB RAM 5 x 300GB 2 x Platinum 8160T 2.10 GHz 930-16i
266,"$10,002.00",Dell R530 Server 2 x E5-2699v3 2.30 GHz 6x 2TB & 1x 200GB 128GB RAM H730p
267,"$5,292.00",HP DL160 G9 Server 2 x E5-2680v4 2.40 GHz 8GB RAM 8x 500GB B140i
268,"$2,580.00",HP DL160 G9 Server 32GB RAM 2x 200GB 2 x E5-2603v4 1.70 GHz B140i
269,"$10,314.00",New ListingDell T630 Server 128GB RAM 12x 1.2TB 2 x E5-2667 v4 3.20 GHz H730p
270,"$5,034.00",New ListingDell T630 Server 128GB RAM 14x 300GB 2 x E5-2630 v4 2.20 GHz H330
271,"$4,878.00",New ListingDell T630 Server 32GB RAM 2x 1.2TB 2 x E5-2650 v4 2.20 GHz H330
272,"$9,858.00",New ListingDell T630 Server 2 x E5-2699v3 2.30 GHz 16x 1TB 8GB RAM H730p
273,"$9,462.00",Dell R530 Server 2 x E5-2698v4 2.20 GHz 16GB RAM 4x 2TB & 1x 200GB H330
274,"$5,076.00",Dell R530 Server 2 x E5-2650v4 2.20 GHz 5x 500GB & 1x 400GB 64GB RAM H730
275,$352.02,HP 657128-001 Ethernet 10gb 2p 530t Adptr ** Refurbished ** - schnittstellenkar
276,"$14,424.00",Lenovo SR650 Server Platinum 8160M 2.10 GHz 64GB RAM 1 x 1.2TB 530-8i
277,"$7,668.00",Lenovo SR630 Server 32GB RAM 7 x 1TB SATA 2 x Silver 4110 2.10 GHz 930-16i
278,"$9,294.00",New ListingDell T630 Server 128GB RAM 10x 2TB & 200GB 1 x E5-2680 v4 2.40 GHz H730p
279,"$15,414.00",Lenovo SR650 Server 8GB RAM 4 x 1TB SATA 2 x Gold 6134M 3.20 GHz 530-8i
280,"$7,452.00",Lenovo SR630 Server 1 x Silver 4109T 2.00 GHz 8GB RAM 4 x 2TB 930-16i
281,"$1,539.99","New ListingDell PowerEdge R630 Server, 2x E5-2650 V3 2.3GHz 10Core, 32GB, 2x 450GB, H730"
282,$239.99,"New ListingDell PowerEdge R610 Server, 2x X5675 3.06GHz 6 Core, 32GB, 2x Caddy, H700, RPS"
283,$369.99,"New ListingDell PowerEdge R610 Server, 2x X5675 3.06GHz 6 Core, 32GB, 4x 900GB 10k, PERC6i"
284,$309.99,"New ListingDell PowerEdge R610 Server, 2x X5675 3.06GHz 6 Core, 32GB, 6x 300GB 10k, PERC6i"
285,$429.99,"New ListingDell PowerEdge R610 Server 2x 3.06 GHz Six Core, 64GB, 4x 450GB SAS, H700, RPS"
286,$339.99,"New ListingDell PowerEdge R610 Server 2x 3.06 GHz Six Core, 64GB, 2x 300GB 10k, H700, RPS"
287,$499.99,"New ListingDell PowerEdge R610 Server 2x 3.06 GHz Six Core, 96GB, 4x 450GB SAS, H700, RPS"
288,"$11,470.00",HP PROLIANT DL380 GEN10 SERVER 2X GOLD 6140 18C 64GB 8x 900GB 15K 12G SFF
289,"$17,664.00",Lenovo SR630 Server 2 x Platinum 8160T 2.10 GHz 32GB RAM 4 x 300GB 930-16i
290,"$9,030.00",HP DL160 G9 Server 2 x E5-2690v4 2.60 GHz 128GB RAM 7x 512GB B140i
291,"$12,588.00",New ListingDell T630 Server 8GB RAM 16x 1.2TB 2 x E5-2698 v4 2.20 GHz H730
292,"$9,528.00",Lenovo SR630 Server 1 x Gold 6126 2.60 GHz 5 x 2TB 16GB RAM 930-16i
293,"$6,216.00",HP DL160 G9 Server 128GB RAM 7x 200GB 2 x E5-2620v4 2.10 GHz B140i
294,"$11,004.00",Lenovo SR630 Server 1 x Gold 6138 2.00 GHz 192GB RAM 6 x 1TB 930-16i
295,"$4,968.00",New ListingDell T630 Server 16GB RAM 14x 300GB 2 x E5-2650 v4 2.20 GHz H730
296,"$10,128.00",Dell R530 Server 2 x E5-2678v3 2.50 GHz 768GB RAM 1x 500GB & 1x 400GB H730
297,$664.99,Dell R420 8B SFF 12-Core 2.40GHz E5-2440 96GB 8x 146GB H310 iDRAC7 1x PSU DRPS
298,"$25,014.00",Lenovo SR630 Server 2 x Platinum 8160M 2.10 GHz 3 x 1TB SATA 8GB RAM 530-8i
299,"$11,586.00",Lenovo SR630 Server 2 x Gold 6132 2.60 GHz 4 x 2TB SATA 128GB RAM 530-8i
300,"$14,604.00",Lenovo SR630 Server 2 x Gold 6136 3.00 GHz 9 x 2TB SATA 8GB RAM 530-8i
301,"$31,242.00",Lenovo SR630 Server 2 x Platinum 8164 2.00 GHz 2 x 300GB 768GB RAM 530-8i
302,$116.00 to $396.00,Build Your Own HP Proliant BL460c G7 Blade 8-Core 2.93GHz X5570 Wholesale
303,"$24,468.00",Lenovo SR650 Server 2 x Platinum 8164 2.00 GHz 4 x 1TB SATA 8GB RAM 930-16i
304,"$13,560.00",Lenovo SR630 Server 1 x Platinum 8168 2.70 GHz 192GB RAM 3 x 2TB SATA 530-8i
305,"$7,764.00",HP DL160 G9 Server 2 x E5-2699v3 2.30 GHz 2x 300GB 16GB RAM B140i
306,"$15,504.00",Lenovo SR630 Server 256GB RAM 3 x 2TB SATA 2 x Gold 6152 2.10 GHz 530-8i
307,"$8,334.00",HP DL160 G9 Server 32GB RAM 3x 512GB 2 x E5-2687Wv4 3.00 GHz B140i
308,"$7,848.00",HP DL160 G9 Server 256GB RAM 6x 512GB 2 x E5-2698v3 2.30 GHz B140i
309,"$11,178.00",Lenovo SR630 Server 32GB RAM 7 x 1TB 2 x Gold 6132 2.60 GHz 930-16i
310,"$1,008.40",HP 573087-421 HP dl385g7 6174 Perf EU SVR
311,"$12,660.00",Dell R530 Server 384GB RAM 3x 500GB & 1x 400GB 2 x E5-2698v4 2.20 GHz H730
312,"$7,146.00",HP DL160 G9 Server 128GB RAM 5x 512GB 2 x E5-2680v4 2.40 GHz B140i
313,"$24,408.00",Lenovo SR650 Server 2 x Platinum 8180 2.50 GHz 2 x 600GB 64GB RAM 930-16i
314,"$2,616.00",HP DL160 G9 Server 2 x E5-2690v3 2.60 GHz 1x 500GB 8GB RAM B140i
315,"$19,848.00",Lenovo SR650 Server 128GB RAM 6 x 300GB Platinum 8170M 2.10 GHz 930-16i
316,"$12,822.00",New ListingDell T630 Server 128GB RAM 6x 1.2TB 2 x E5-2699 v4 2.20 GHz H730p
317,"$23,754.00",Lenovo SR650 Server 2 x Platinum 8158 3.00 GHz 96GB RAM 2 x 300GB 530-8i
318,"$2,496.00",HP DL160 G9 Server E5-2697v3 2.60 GHz 4x 300GB 8GB RAM B140i
319,"$2,400.00",HP DL160 G9 Server E5-2630v3 2.40 GHz 64GB RAM 4x 500GB B140i
320,"$10,812.00",Dell R530 Server 2 x E5-2699v4 2.20 GHz 64GB RAM 1x 3TB & 1x 480GB H730p
321,"$9,852.00",Lenovo SR630 Server 1 x Gold 6132 2.60 GHz 7 x 1TB SATA 128GB RAM 930-16i
322,"$3,768.00",Dell R530 Server 1 x E5-2683v3 2.00 GHz 128GB RAM 1x 1TB & 1x 480GB H730
323,"$6,558.00",HP DL160 G9 Server 32GB RAM 5x 512GB E5-2698v4 2.20 GHz B140i
324,"$6,516.00",HP DL160 G9 Server 128GB RAM 3x 200GB E5-2699v3 2.30 GHz B140i
325,"$5,580.00",HP DL160 G9 Server E5-2697v4 2.30 GHz 16GB RAM 8x 300GB B140i
326,"$5,568.00",HP DL160 G9 Server 256GB RAM 7x 300GB E5-2640v4 2.40 GHz B140i
327,$63.58,HP 713985-b21 - HP 16gb 2rx4 pc3l-12800r-11 Kit
328,"$8,874.00",Lenovo SR630 Server 1 x Gold 6128 3.40 GHz 128GB RAM 4 x 2TB SATA 530-8i
329,"$9,666.00",Lenovo SR630 Server 192GB RAM 4 x 2TB 1 x Silver 4112 2.60 GHz 930-16i
330,"$10,386.00",Dell R530 Server 768GB RAM 4x 1TB SATA & 1x 200GB 2 x E5-2637v3 3.50 GHz H730p
331,"$11,688.00",Lenovo SR630 Server 2 x Gold 6138 2.00 GHz 32GB RAM 8 x 600GB 930-16i
332,"$8,718.00",Lenovo SR630 Server 64GB RAM 10 x 1TB 2 x Silver 4109T 2.00 GHz 530-8i
333,"$17,688.00",Lenovo SR650 Server 8GB RAM 5 x 300GB 2 x Platinum 8160T 2.10 GHz 930-16i
334,"$10,002.00",Dell R530 Server 2 x E5-2699v3 2.30 GHz 6x 2TB & 1x 200GB 128GB RAM H730p
335,"$15,912.00",Lenovo SR650 Server Platinum 8164 2.00 GHz 128GB RAM 5 x 1.2TB 530-8i
336,"$5,292.00",HP DL160 G9 Server 2 x E5-2680v4 2.40 GHz 8GB RAM 8x 500GB B140i
337,"$2,580.00",HP DL160 G9 Server 32GB RAM 2x 200GB 2 x E5-2603v4 1.70 GHz B140i
338,"$10,314.00",New ListingDell T630 Server 128GB RAM 12x 1.2TB 2 x E5-2667 v4 3.20 GHz H730p
339,"$1,788.00",HP DL160 G9 Server E5-2603v3 1.60 GHz 2x 300GB 32GB RAM B140i
340,"$5,034.00",New ListingDell T630 Server 128GB RAM 14x 300GB 2 x E5-2630 v4 2.20 GHz H330
341,"$11,034.00",Lenovo SR630 Server 1 x Gold 6154 3.00 GHz 10 x 1TB SATA 16GB RAM 930-16i
342,"$4,878.00",New ListingDell T630 Server 32GB RAM 2x 1.2TB 2 x E5-2650 v4 2.20 GHz H330
343,"$9,858.00",New ListingDell T630 Server 2 x E5-2699v3 2.30 GHz 16x 1TB 8GB RAM H730p
344,"$9,462.00",Dell R530 Server 2 x E5-2698v4 2.20 GHz 16GB RAM 4x 2TB & 1x 200GB H330
345,"$5,076.00",Dell R530 Server 2 x E5-2650v4 2.20 GHz 5x 500GB & 1x 400GB 64GB RAM H730
346,"$9,054.00",Dell R530 Server 2 x E5-2643v4 3.40 GHz 3x 2TB SATA & 1x 200GB 384GB RAM H730
347,"$8,448.00",Dell R530 Server 384GB RAM 6x 3TB & 1x 480GB 2 x E5-2650v4 2.20 GHz H730p
348,"$2,352.00",HP DL160 G9 Server 8GB RAM 5x 500GB E5-2697v3 2.60 GHz B140i
349,"$15,918.00",Lenovo SR650 Server 96GB RAM 6 x 1.2TB Platinum 8158 3.00 GHz 530-8i
350,"$15,450.00",Lenovo SR650 Server Platinum 8176 2.10 GHz 192GB RAM 2 x 2TB 530-8i
351,"$8,874.00",Lenovo SR630 Server 1 x Gold 5115 2.40 GHz 128GB RAM 3 x 2TB 930-16i
352,"$6,588.00",Dell R530 Server 1 x E5-2699v4 2.20 GHz 32GB RAM 6x 1TB SATA & 1x 400GB H330
353,"$12,762.00",Lenovo SR650 Server 256GB RAM 8 x 1TB SATA 2 x Gold 6130 2.10 GHz 530-8i
354,"$1,740.00",Dell T620 Server 2 x E5-2650L 1.80 GHz 16GB RAM 4TB & 480GB H710
355,"$11,790.00",Dell T620 Server 2 x E5-2690 2.90 GHz 10x 2TB & 200GB 768GB RAM H710p
356,"$4,206.00",New ListingDell T630 Server 2 x E5-2620 v4 2.10 GHz 64GB RAM 6x 1TB H730p
357,"$4,122.00",New ListingDell T630 Server 2 x E5-2637v3 3.50 GHz 8GB RAM 12x 1TB H330
358,"$4,926.00",Dell R530 Server 2 x E5-2623v4 2.60 GHz 128GB RAM 7x 3TB & 1x 400GB H730p
359,"$3,936.00",New ListingDell T630 Server 2 x E5-2650v3 2.30 GHz 64GB RAM 6x 1TB H730
360,$116.00 to $396.00,Build Your Own HP Proliant BL460c G7 Blade 8-Core 3.06GHz X5667 Wholesale
361,"$8,634.00",Dell R530 Server 256GB RAM 4x 2TB & 1x 200GB 2 x E5-2696v3 2.30 GHz H730p
362,"$18,714.00",Lenovo SR650 Server 256GB RAM 7 x 2TB 2 x Gold 6154 3.00 GHz 530-8i
363,"$6,516.00",Dell R530 Server 256GB RAM 4x 3TB & 1x 200GB 1 x E5-2696v3 2.30 GHz H730p
364,"$10,734.00",Lenovo SR650 Server 8GB RAM 6 x 1TB SATA 2 x Gold 6138 2.00 GHz 530-8i
365,"$12,906.00",Lenovo SR650 Server 2 x Platinum 8153 2.00 GHz 1 x 300GB 8GB RAM 530-8i
366,"$8,862.00",Lenovo SR650 Server Bronze 3106 1.70 GHz 16GB RAM 7 x 2TB 530-8i
367,"$5,430.00",Dell R530 Server 1 x E5-2697v4 2.30 GHz 32GB RAM 5x 1TB & 1x 200GB H730
368,"$11,316.00",Dell T620 Server 2 x E5-2630v2 2.60 GHz 768GB RAM 10x 2TB & 480GB H710p
369,$66.99,HP 599038-001 HP ProLiant dl380 g7 System Board
370,"$2,478.00",Dell R530 Server 32GB RAM 4x 500GB & 1x 200GB 1 x E5-2609v3 1.90 GHz H730p
371,"$3,918.00",New ListingDell T630 Server 2 x E5-2620v3 2.40 GHz 4x 300GB 128GB RAM H330
372,"$8,916.00",Lenovo SR650 Server Gold 6134 3.20 GHz 2 x 1TB SATA 192GB RAM 930-16i
373,"$3,744.00",New ListingDell T630 Server 16GB RAM 4x 1.2TB 2 x E5-2650v3 2.30 GHz H730
374,"$9,084.00",New ListingDell T630 Server 2 x E5-2697 v4 2.30 GHz 2x 500GB 128GB RAM H730
375,$474.03,New ListingMicrosoft 1 X WIN SVR ESS 2016 OEM + 1 X 32GB USB TG3S-01045/DT100G3/32G
376,"$8,946.00",New ListingDell T630 Server 2 x E5-2690 v4 2.60 GHz 256GB RAM 8x 300GB H330
377,"$9,714.00",Dell T620 Server 768GB RAM 16x 1TB & 480GB 2 x E5-2660v2 2.20 GHz H310
378,"$8,880.00",New ListingDell T630 Server 8GB RAM 14x 2TB & 200GB 1 x E5-2690v3 2.60 GHz H330
379,"$4,446.00",Dell R530 Server 2 x E5-2637v4 3.50 GHz 16GB RAM 2x 500GB & 1x 200GB H730p
380,"$11,736.00",Dell PowerEdge R730xd 12 Bay 2 x E5-2695v4 2.10 GHz 6x 6TB SATA 384GB RAM H330
381,"$9,432.00",Dell PowerEdge R730xd 12 Bay 2 x E5-2699v3 2.30 GHz 8GB RAM 10x 4TB SATA H330
382,"$3,390.00",New ListingDell T630 Server 2 x E5-2603 v4 1.70 GHz 64GB RAM 6x 1TB H330
383,"$11,496.00",Dell PowerEdge R730xd 12 Bay 2 x E5-2698v4 2.20 GHz 128GB RAM 10x 4TB SATA H330
384,"$1,902.00",Dell T620 Server 2 x E5-2630L 2.00 GHz 2TB & 200GB 64GB RAM H710
385,"$1,539.99","New ListingDell PowerEdge R630 Server, 2x E5-2650 V3 2.3GHz 10Core, 32GB, 2x 450GB, H730"
386,$399.99,"New ListingDell PowerEdge R610 Server 2x 3.06 GHz Six Core, 96GB, 2x 146GB 15k, H700, RPS"
387,$429.99,"New ListingDell PowerEdge R610 Server 2x 3.06 GHz Six Core, 96GB, 4x 146GB 15k, H700, RPS"
388,$309.99,"New ListingDell PowerEdge R610 Server, 2x 3.06 GHz X5675 6 Core, 64GB, 4x 146GB 15k, 2x RPS"
389,"$8,415.00",HP PROLIANT DL380 GEN10 SERVER 2X SILVER 4116 12C 128GB 8X 450GB 15K 12G SFF
390,"$9,960.00",Dell R530 Server 2 x E5-2609v3 1.90 GHz 768GB RAM 7x 1TB & 1x 480GB H330
391,"$8,502.00",New ListingDell T630 Server 2 x E5-2696v3 2.30 GHz 12x 1.2TB 16GB RAM H330
392,$624.99,Dell R420 8B SFF 16-Core 1.80GHz E5-2450L 64GB 2x 500GB H310 iDRAC7 2x PSU DRPS
393,"$15,630.00",New ListingDell T630 Server 768GB RAM 14x 1.2TB 2 x E5-2643 v4 3.40 GHz H330
394,"$6,264.00",New ListingDell T630 Server 2 x E5-2696v3 2.30 GHz 4x 1TB 16GB RAM H730
395,"$14,610.00",New ListingDell T630 Server 2 x E5-2643v3 3.40 GHz 768GB RAM 14x 600GB H330
396,"$13,116.00",New ListingDell T630 Server 384GB RAM 8x 1.2TB 2 x E5-2697 v4 2.30 GHz H730
397,"$12,654.00",New ListingDell T630 Server 2 x E5-2697 v4 2.30 GHz 384GB RAM 6x 1.2TB H330
398,"$6,852.00",Dell R530 Server 64GB RAM 1x 500GB & 1x 400GB 2 x E5-2667v4 3.20 GHz H730
399,"$5,562.00",New ListingDell T630 Server 8GB RAM 12x 1.2TB 2 x E5-2680v3 2.50 GHz H330
400,"$16,944.00",Lenovo SR630 Server 1 x Platinum 8160M 2.10 GHz 7 x 1TB SATA 32GB RAM 930-16i
401,"$10,092.00",Lenovo SR630 Server 1 x Gold 6146 3.20 GHz 128GB RAM 4 x 1TB 930-16i
402,"$6,876.00",HP DL160 G9 Server 2 x E5-2650v3 2.30 GHz 6x 200GB 256GB RAM B140i
403,"$8,634.00",Dell R530 Server 256GB RAM 4x 2TB & 1x 200GB 2 x E5-2696v3 2.30 GHz H730p
404,"$6,588.00",Dell R530 Server 1 x E5-2699v4 2.20 GHz 32GB RAM 6x 1TB SATA & 1x 400GB H330
405,"$12,720.00",Lenovo SR630 Server 2 x Gold 5118 2.30 GHz 16GB RAM 8 x 2TB 930-16i
406,"$13,116.00",New ListingDell T630 Server 384GB RAM 8x 1.2TB 2 x E5-2697 v4 2.30 GHz H730
407,"$7,032.00",Dell R530 Server 1 x E5-2698v4 2.20 GHz 128GB RAM 6x 1TB & 1x 200GB H330
408,"$12,654.00",New ListingDell T630 Server 2 x E5-2697 v4 2.30 GHz 384GB RAM 6x 1.2TB H330
409,"$11,394.00",Lenovo SR650 Server 8GB RAM 6 x 2TB Gold 6152 2.10 GHz 530-8i
410,"$5,562.00",New ListingDell T630 Server 8GB RAM 12x 1.2TB 2 x E5-2680v3 2.50 GHz H330
411,"$4,026.00",HP DL160 G9 Server E5-2680v3 2.50 GHz 7x 512GB 16GB RAM B140i
412,"$11,850.00",New ListingDell T630 Server 2 x E5-2695v3 2.30 GHz 768GB RAM 10x 300GB H730p
413,"$5,928.00",Dell R530 Server 1 x E5-2698v4 2.20 GHz 6x 3TB & 1x 200GB 8GB RAM H330
414,"$11,694.00",New ListingDell T630 Server 768GB RAM 2x 1TB 2 x E5-2650 v4 2.20 GHz H730p
415,"$11,646.00",New ListingDell T630 Server 2 x E5-2630v3 2.40 GHz 6x 600GB 768GB RAM H730p
416,"$9,678.00",Lenovo SR650 Server Gold 6148 2.40 GHz 16GB RAM 7 x 1.2TB 930-16i
417,"$5,748.00",Lenovo SR630 Server 1 x Silver 4108 1.80 GHz 1 x 2TB 64GB RAM 930-16i
418,"$6,492.00",Dell R530 Server 1 x E5-2699v4 2.20 GHz 1x 1TB SATA & 1x 480GB 64GB RAM H730p
419,$102.00 to $346.00,Build Your Own HP Proliant BL460c G7 Blade 8-Core 2.26GHz L5520 Wholesale
420,"$17,226.00",Lenovo SR650 Server 64GB RAM 4 x 1.2TB 2 x Platinum 8160 2.10 GHz 530-8i
421,"$4,674.00",HP DL160 G9 Server E5-2667v4 3.20 GHz 16GB RAM 7x 300GB B140i
422,"$7,632.00",Lenovo SR630 Server 1 x Gold 5118 2.30 GHz 6 x 1TB 32GB RAM 930-16i
423,"$15,864.00",Lenovo SR650 Server Platinum 8158 3.00 GHz 192GB RAM 1 x 1TB SATA 930-16i
424,"$3,510.00",HP DL160 G9 Server E5-2678v3 2.50 GHz 128GB RAM 4x 300GB B140i
425,"$5,022.00",HP DL160 G9 Server 16GB RAM 5x 300GB E5-2697v4 2.30 GHz B140i
426,"$6,516.00",Dell R530 Server 256GB RAM 4x 3TB & 1x 200GB 1 x E5-2696v3 2.30 GHz H730p
427,"$10,734.00",Lenovo SR650 Server 8GB RAM 6 x 1TB SATA 2 x Gold 6138 2.00 GHz 530-8i
428,"$3,840.00",HP DL160 G9 Server 128GB RAM 2x 512GB 2 x E5-2623v3 3.00 GHz B140i
429,"$3,156.00",HP DL160 G9 Server 16GB RAM 4x 300GB 2 x E5-2678v3 2.50 GHz B140i
430,"$5,700.00",Dell R530 Server 1 x E5-2697v4 2.30 GHz 64GB RAM 5x 2TB SATA & 1x 480GB H730p
431,"$5,622.00",Dell R530 Server 16GB RAM 7x 2TB & 1x 200GB 1 x E5-2697v4 2.30 GHz H730
432,"$4,998.00",New ListingDell T630 Server 64GB RAM 12x 1TB 2 x E5-2678v3 2.50 GHz H730p
433,"$4,944.00",New ListingDell T630 Server 2 x E5-2678v3 2.50 GHz 16x 1TB 32GB RAM H730
434,"$11,058.00",New ListingDell T630 Server 1 x E5-2643 v4 3.40 GHz 14x 2TB & 480GB 128GB RAM H730
435,"$10,002.00",New ListingDell T630 Server 64GB RAM 4x 500GB 2 x E5-2698 v4 2.20 GHz H730p
436,"$4,770.00",New ListingDell T630 Server 2 x E5-2690v3 2.60 GHz 10x 1TB 64GB RAM H330
437,$254.36,HP jd218a-HP a7500 1400w AC Power Supply
438,"$3,624.00",HP DL160 G9 Server E5-2603v3 1.60 GHz 256GB RAM 1x 500GB B140i
439,"$9,660.00",New ListingDell T630 Server 2 x E5-2650 v4 2.20 GHz 64GB RAM 16x 600GB H730
440,"$10,578.00",New ListingDell T630 Server 2 x E5-2690 v4 2.60 GHz 384GB RAM 8x 1TB H330
441,"$4,464.00",New ListingDell T630 Server 64GB RAM 10x 1TB 2 x E5-2637v3 3.50 GHz H730
442,"$3,522.00",HP DL160 G9 Server 32GB RAM 5x 200GB E5-2609v3 1.90 GHz B140i
443,"$4,458.00",New ListingDell T630 Server 2 x E5-2640 v4 2.40 GHz 16GB RAM 10x 500GB H330
444,"$10,284.00",New ListingDell T630 Server 2 x E5-2670v3 2.30 GHz 8x 300GB 768GB RAM H730
445,"$4,192.00",Dell T620 Server 2 x E5-2660v2 2.20 GHz 12x 900GB & 200GB 384GB RAM H710p
446,"$9,642.00",Lenovo SR650 Server Gold 6128 3.40 GHz 4 x 2TB SATA 192GB RAM 530-8i
447,$448.56,Hp 9000 Visualize A9636A C3750 PA-8700 875MHz 4GB Ram 36GB SCSI Disque Dur
448,"$4,374.00",New ListingDell T630 Server 2 x E5-2667v3 3.20 GHz 6x 1TB 32GB RAM H730p
449,"$5,082.00",Lenovo SR630 Server 2 x Bronze 3104 1.70 GHz 5 x 300GB 32GB RAM 530-8i
450,"$4,836.00",HP DL160 G9 Server E5-2695v4 2.10 GHz 1x 200GB 128GB RAM B140i
451,"$11,742.00",Lenovo SR650 Server Platinum 8160 2.10 GHz 2 x 2TB SATA 128GB RAM 530-8i
452,"$5,358.00",Dell R530 Server 256GB RAM 1x 2TB & 1x 400GB 2 x E5-2678v3 2.50 GHz H330
453,"$2,478.00",Dell R530 Server 32GB RAM 4x 500GB & 1x 200GB 1 x E5-2609v3 1.90 GHz H730p
454,"$8,916.00",Lenovo SR650 Server Gold 6134 3.20 GHz 2 x 1TB SATA 192GB RAM 930-16i
455,"$1,920.00",Dell PowerEdge R720 8 Bay E5-2680 2.70 GHz 32GB RAM 8x 300GB H710p
456,"$1,908.00",Dell PowerEdge R720 8 Bay E5-2697v2 2.70 GHz 1x 500GB 32GB RAM H710p
457,"$3,744.00",New ListingDell T630 Server 16GB RAM 4x 1.2TB 2 x E5-2650v3 2.30 GHz H730
458,"$9,084.00",New ListingDell T630 Server 2 x E5-2697 v4 2.30 GHz 2x 500GB 128GB RAM H730
459,$474.03,New ListingMicrosoft 1 X WIN SVR ESS 2016 OEM + 1 X 32GB USB TG3S-01045/DT100G3/32G
460,"$8,946.00",New ListingDell T630 Server 2 x E5-2690 v4 2.60 GHz 256GB RAM 8x 300GB H330
461,"$9,714.00",Dell T620 Server 768GB RAM 16x 1TB & 480GB 2 x E5-2660v2 2.20 GHz H310
462,"$1,788.00",Dell PowerEdge R720 8 Bay E5-2643v2 3.50 GHz 64GB RAM 1x 300GB H710p
463,"$8,880.00",New ListingDell T630 Server 8GB RAM 14x 2TB & 200GB 1 x E5-2690v3 2.60 GHz H330
464,"$4,446.00",Dell R530 Server 2 x E5-2637v4 3.50 GHz 16GB RAM 2x 500GB & 1x 200GB H730p
465,"$4,422.00",Dell R530 Server 16GB RAM 5x 2TB & 1x 480GB 1 x E5-2696v3 2.30 GHz H730p
466,"$11,736.00",Dell PowerEdge R730xd 12 Bay 2 x E5-2695v4 2.10 GHz 6x 6TB SATA 384GB RAM H330
467,"$9,432.00",Dell PowerEdge R730xd 12 Bay 2 x E5-2699v3 2.30 GHz 8GB RAM 10x 4TB SATA H330
468,"$3,390.00",New ListingDell T630 Server 2 x E5-2603 v4 1.70 GHz 64GB RAM 6x 1TB H330
469,"$11,496.00",Dell PowerEdge R730xd 12 Bay 2 x E5-2698v4 2.20 GHz 128GB RAM 10x 4TB SATA H330
470,"$1,902.00",Dell T620 Server 2 x E5-2630L 2.00 GHz 2TB & 200GB 64GB RAM H710
471,"$3,270.00",New ListingDell T630 Server 2 x E5-2620v3 2.40 GHz 32GB RAM 6x 500GB H330
472,"$1,908.00",Dell T620 Server 2 x E5-2665 2.40 GHz 8GB RAM 3x 2TB & 480GB H310
473,"$3,258.00",New ListingDell T630 Server 16GB RAM 12x 300GB 2 x E5-2620v3 2.40 GHz H330
474,"$1,872.00",Dell PowerEdge R730xd 24 Bay E5-2609v3 1.90 GHz No HDD 8GB RAM H330
475,"$8,298.00",New ListingDell T630 Server 2 x E5-2660 v4 2.00 GHz 8x 600GB 128GB RAM H730p
476,$369.99,"New ListingDell PowerEdge R610 Server, 2x 3.06 GHz X5675 6 Core, 96GB, 2x 300GB 10k, 2x RPS"
477,$329.99,"New ListingDell PowerEdge R610 Server 2x 3.06 GHz Six Core, 64GB, 2x 146GB 15k, H700, RPS"
478,$449.99,"New ListingDell PowerEdge R610 Server 2x 3.06 GHz Six Core, 96GB, 2x 600GB SAS, H700, RPS"
479,$674.99,Dell R420 8B SFF 12-Core 2.40GHz E5-2440 96GB 2x 300GB H310 iDRAC7 2x PSU DRPS
480,$96.00 to $340.00,Build Your Own HP Proliant BL460c G7 Blade 8-Core 2.00GHz E5504 Wholesale
481,"$17,136.00",Lenovo SR650 Server 64GB RAM 1 x 600GB 2 x Gold 6142M 2.60 GHz 930-16i
482,"$8,826.00",Lenovo SR630 Server 1 x Gold 6136 3.00 GHz 1 x 300GB 192GB RAM 930-16i
483,"$5,520.00",Dell R530 Server 1 x E5-2697v3 2.60 GHz 256GB RAM 6x 1TB & 1x 200GB H730p
484,"$9,024.00",Lenovo SR650 Server 2 x Silver 4116 2.10 GHz 96GB RAM 5 x 1TB 930-16i
485,"$10,446.00",Dell T620 Server 2 x E5-2640 2.50 GHz 768GB RAM 16x 1.2TB & 480GB H710
486,"$1,626.00",Dell PowerEdge R720 8 Bay E5-2643 3.30 GHz 6x 300GB 32GB RAM H310
487,"$8,454.00",New ListingDell T630 Server 2 x E5-2687W v4 3.00 GHz 4x 1TB 16GB RAM H730p
488,"$15,630.00",New ListingDell T630 Server 768GB RAM 14x 1.2TB 2 x E5-2643 v4 3.40 GHz H330
489,"$4,656.00",HP DL160 G9 Server 2 x E5-2683v3 2.00 GHz 128GB RAM 1x 200GB B140i
490,"$8,280.00",Lenovo SR630 Server 2 x Gold 5122 3.60 GHz 128GB RAM 2 x 300GB 930-16i
491,"$6,144.00",New ListingDell T630 Server 1 x E5-2680 v4 2.40 GHz 6x 1.2TB & 480GB 128GB RAM H730p
492,"$12,684.00",New ListingDell T630 Server 768GB RAM 12x 1.2TB 2 x E5-2620 v4 2.10 GHz H730
493,"$12,570.00",New ListingDell T630 Server 2 x E5-2660 v4 2.00 GHz 768GB RAM 10x 500GB H730p
494,"$7,038.00",Dell R530 Server 384GB RAM 7x 3TB & 1x 400GB 2 x E5-2623v3 3.00 GHz H330
495,"$6,954.00",Dell R530 Server 2 x E5-2696v3 2.30 GHz 128GB RAM 2x 2TB & 1x 480GB H730
496,"$11,898.00",New ListingDell T630 Server 2 x E5-2697 v4 2.30 GHz 256GB RAM 8x 1.2TB H330
497,"$11,628.00",New ListingDell T630 Server 2 x E5-2699 v4 2.20 GHz 4x 500GB 128GB RAM H730
498,"$5,568.00",Dell R530 Server 2 x E5-2660v4 2.00 GHz 6x 1TB SATA & 1x 400GB 64GB RAM H730
499,"$10,560.00",New ListingDell T630 Server 8GB RAM 14x 600GB 2 x E5-2690 v4 2.60 GHz H730
